,Gene,C1,C2,C3,C4,C5,C6,C7,C8,C9,C10,C11,C12,C13,C14,C15,C16,C17,C18,C19,C20,C21,C22,C23,C24,C25,C26,C27,C28,C29,C30,C31,C32,C33,D1,D2,D3,D4,D5,D6,D7,D8,D9,D10,D11,D12,D13,D14,D15,D16,D17,D18,D19,D20,D21,D22,D23,D24,D25,D26,D27,D28,D29,D30,D31,D32,D33,D34,D35,D36,D37,D38
0,ACSM1,10.9147599767762,11.135962229439,8.89156598477044,8.07436092063637,9.55755069775683,10.1322826165083,10.0190718947425,8.92504348812108,11.8179697859519,8.3136739684052,7.21771304741856,9.36540343421522,9.42186578050372,8.71538863478238,7.16002692287756,8.1189711731891,10.1999827124976,7.59138932447492,8.54479554826857,9.36692509848637,11.5434050158318,8.23999339972379,10.1950722002335,9.33378358721596,9.09377455005714,9.02775578195164,7.78869334218778,9.83461043786738,10.0894159699009,7.18299046969113,8.48848920760929,7.2527901563302,8.10717116120476,8.33230816386515,7.37351311004229,8.23926285420381,8.72036371836177,5.62833261372412,6.40188376091239,7.0716686643611,7.76782434729513,7.98267616293269,8.25101789892052,7.25795620853437,7.17306539369624,8.93426898010292,7.30781577727085,8.34490766618882,8.1359059571133,8.23806369339871,5.95586710466008,7.56971691357231,7.05313519119726,8.64982243127518,8.00259419709133,7.51931870744318,9.43614506774405,6.16481164532748,7.42731900475849,6.9936388056475,8.03943744368061,7.65934957552984,6.3975560663642,6.2264043025317,5.63000357431563,7.85056701547797,6.77997887001783,5.88225574234034,10.5407380351403,7.26220927907757,7.53240693872375
1,ADORA2B,5.11009640226411,5.80584014278518,4.75028271830114,5.620901520159,5.43497373887198,5.51489549939379,4.45000635027929,6.22937429759242,4.43931061097644,6.0769083345548,5.94351776854049,4.27132878785242,6.52018972544034,4.78600091035186,4.67794154683006,4.31291775935225,4.25244190968558,3.91837967805562,5.4764582907361,5.90648637928691,5.88321585847625,4.43747528915022,6.37232293972612,5.60456234337424,5.32113285752827,4.58680750063596,3.83993409555772,4.22478826475186,5.88405432891089,5.41542938368316,6.26693935165217,5.81306588629442,4.70314355413321,5.21764803505784,5.74803820293357,6.42237456597475,7.09555599841513,6.09800497333256,7.08490163806485,4.92343881579297,5.28034914525821,5.39432457697443,5.09579739134129,5.21787153105023,6.40105026606323,4.81698310506384,5.1697238049026,5.89853986399464,5.01692112015255,6.34974895664706,5.15967055584378,7.27649476640554,6.61812540493488,5.50585331865019,5.89149110118789,5.8373332277301,5.39441162957188,4.91767374039831,5.96094884226443,5.44947701305576,7.44382325133233,6.54015429221149,5.11645649383629,5.08013518203823,7.39872101495997,6.45015458702513,3.57995782869996,5.93806989226892,6.69212230356346,6.38545995043225,5.9508562663134
2,AGPAT1,3.89657064462796,5.07898075058277,4.38926337844482,5.70553018824035,5.35699679905339,5.32628171257113,5.43768772742573,4.55104060835436,2.8576570808062,4.04273907275332,5.21592408285519,4.92342972409521,4.65264277190395,5.14530420267666,4.98986725940793,6.18922128453894,4.22921668596284,3.76439858326519,3.93925806266646,4.49771672752899,4.90798772567451,4.21329860974884,5.17840082192856,5.19946252826927,4.79252088081805,4.53787631747014,5.12071049029126,5.8312816094633,6.65128089240716,4.3873344635246,5.60307449824105,5.16022174477431,5.55877926300894,7.422273263782,7.4650532681409,5.99482643985387,7.80675419959906,8.74882265533937,7.32046040811127,6.59801143283758,6.63668585191583,6.16839138353813,5.1236846992089,4.80551704722606,7.43896106578765,4.47629314376463,7.19111399018275,4.9891992667269,6.92944810357772,7.22011612564422,4.70163167259305,4.98903000692879,7.04625850744609,7.05143593833853,5.42805209443922,6.49700059947351,6.6836527260524,5.21205139980643,7.3892099222806,4.77908291090261,7.81842467226119,5.21354573197277,5.27777137634781,6.95446727686937,7.28025109379837,6.79625912791862,8.17604356201391,6.86702479243781,6.2060096510478,7.78253307921429,6.40067429261333
3,BTBD16,6.83879442916097,6.48798763858081,6.99104573180661,5.69095220665522,6.63215331651672,6.5352284229373,6.92792866755301,4.97922338899241,7.73480988629778,6.65195037438265,6.07226904389879,7.07660274424361,4.63418234050511,6.0780631131965,5.87614760358539,6.97102041419893,6.40174447367949,6.4440419832946,7.96900607469521,7.06187892144379,7.12908564221898,5.98153995217356,6.7163873888055,6.78962972023976,6.41148203108093,6.56168526977176,7.59108948099586,6.53550565404624,6.2182854986164,5.78094584432713,6.27035542726153,7.02518326957253,6.52211269987294,5.05778316639868,5.55093978892285,4.59002233016299,4.67274747195484,5.02639419747788,4.70745031933082,5.82174607978815,5.67145284231615,5.93115742821973,5.94106697679874,2.97595100151986,4.6322808671246,5.7906727135232,5.07011420827709,5.33271945054202,4.40246900755657,4.91278704014302,5.03344963071453,3.48150270611198,5.07716798577888,4.68491650914774,3.35497780946199,4.95460855331667,5.9352818729546,6.12330996648652,5.63495243045789,6.29097984868098,5.09281320171571,4.94916668489472,4.8540930488534,2.88974871318267,5.57843181693531,5.91487640422186,6.037106454937,4.78022756347466,3.54448857532178,3.1421591280998,4.83311123122766
4,CCDC178,6.13751359210162,6.1158448028626,5.54426514619793,6.50228802396836,8.37100139688892,6.47762990685754,8.86607942595854,5.78968690711983,5.65691848189123,5.51686465248799,5.57496593959252,5.87000183614931,5.00293012487176,6.89926038309722,5.15640818881204,5.66045556978088,6.00899244482969,5.27868587519216,5.38280355218342,6.47800505698172,5.5985643251628,5.99564516905935,6.80183767321456,6.45982115379305,6.69626525132127,6.26491676338569,6.19603834396298,6.17867141877675,6.16913227978683,5.54959181940904,5.96719238590002,5.83955112459161,6.30198553225695,3.76725732412086,4.24846808557962,4.28999279158129,3.88277699050091,4.69041842905641,4.19007238823761,4.43194531251692,5.25381484946073,5.20776766319871,3.81041920767915,3.76747236881566,3.61153691821364,3.91440261443539,4.47054559759751,4.46324717709666,4.10574018639131,4.38288701802984,4.59727179407715,4.06802901340197,4.5660913832751,3.88448708592469,4.40337022507668,4.42209092363939,4.20089328186123,5.91521910836338,4.51369573231857,5.42234007933956,5.39457145762951,4.46688892817013,4.3130415370414,3.61128612707661,4.57097533410283,5.15116101060367,3.79055931830778,4.20069231417814,4.40605337071572,4.66421641658239,4.98775573409865
5,CD207,6.33581059910992,4.97765605299017,5.85489347827078,5.73358345636332,6.03160488373715,5.43013957176187,4.9450305787578,6.20271297898237,5.97167525848832,5.66215539040262,4.87468528074361,5.71411897110907,6.04719023193084,5.94742161690282,6.22552945251555,6.23196702773697,5.86377515113014,5.39712775279612,6.31062322186913,7.32893071527398,5.94530501692658,5.10394639795928,4.63192003792239,5.91362368398826,6.16461057825575,5.61084733325113,5.24285407655995,5.1968534237066,4.33290639135416,4.9072745461305,5.4680910406909,5.85234774018672,5.80260137820997,7.26755101713211,5.74170232898805,7.6347360503247,9.00749940603896,8.10498525835037,7.48052228147581,6.45764975220343,7.30382639099484,8.90961940645831,6.08774812259389,9.03968951713025,8.12269025396127,7.33101853387881,8.15847134613179,7.93780896474978,6.98281938940693,5.52788171048877,9.29836275854639,8.09222395304375,7.13340376373868,8.52849524629117,5.88492461074424,7.52650376892866,7.78552014735831,6.97069406117601,8.32681999371459,6.89127867950134,7.02361895658307,6.92403192236112,7.05568553520378,7.30821213560795,8.7809506346541,9.00918373568547,5.95559854840658,7.12019262020898,8.42811577840979,6.8505320890875,8.01657454972941
6,CLRN1,6.00982647649661,5.47435927292755,6.82701428892113,4.65230001677555,5.91947726339742,3.79384990605826,4.60199770673346,5.85208050299344,6.02599801455865,5.41185319528532,3.13191859394614,6.02204735905724,3.90302970842365,5.35648542784141,5.69894195130475,4.67466223717414,7.1664001394033,6.90394365868075,8.11411484991686,7.05655728959499,3.80886120272685,5.43639818646,4.42499465047187,4.68424248195345,4.61315159013893,3.62128875472129,4.78619682802458,5.59980730873673,3.10647711160938,3.84190428779562,4.37908832892023,5.60954862949629,5.36411581522507,6.11008255906989,8.43520731575611,4.79036504080131,4.51520016488594,9.0898907857023,6.61297710347212,4.95893819903971,4.80615766586003,5.04184686111142,5.25941531372162,8.82770143016128,8.25570894833869,11.9311370839139,10.6144934073969,5.15900379829745,4.30290665757558,8.80962620674975,6.26721509096553,7.13162681453042,5.44740278982084,4.35469313223729,4.90219240600927,6.67150402874662,7.07992907079178,7.97498716353209,6.86540513903342,6.70380341178756,6.13710453673863,5.05100721356982,7.09442657677613,9.57505865406994,7.18940114115747,5.99089956032424,8.11270761310517,7.00864145052974,6.11919808616157,4.24290574979815,6.07638492083189
7,CMA1,4.40468855779194,5.22186048257035,5.89784255708175,5.62673126406159,4.32436863316794,5.05549442704955,4.99271656847849,7.48959444821253,4.89265710939278,5.27678601746554,4.54230328194567,4.723669637323,4.55257063572896,4.94278403629579,5.13834107634243,6.46017464694868,5.90092414012144,5.57506168823942,5.32092718261955,6.76601472051233,4.8991010380141,4.71715602097411,5.97858086156254,6.65208239821863,5.7822434195047,5.08338716077239,7.41492529836472,5.45772371855698,5.95892283765229,4.66664824127561,6.45698075404262,5.88685937709274,5.62416247341829,5.15552733977991,4.6346717972739,4.26145397750429,4.03670032452487,4.12893971505943,2.78854234153942,3.90011736219963,4.11405669427316,3.9390165988285,4.24611652472265,3.90921517256082,4.068824881464,4.54767924860559,4.01196563290375,3.86179359435185,4.48508719684213,3.37611283407364,5.44114131626735,5.56348728886821,5.53127827986689,3.55326769496485,3.68745650108295,4.55613453104205,5.74198457709875,5.32377389667816,5.46490967797891,4.91001905079851,5.09322111062397,4.16569855730753,5.73942102755505,4.65502264903436,5.80446937938709,6.49929571228996,3.79932485002733,5.27547959695318,3.87904639877956,4.15006528111452,4.832793565371
8,CSMD1,8.69885515915098,7.23970252407162,10.0423534139969,8.58034175268336,7.79011963232718,8.22584923185686,8.42396883143562,8.05896690759939,8.5723575119779,8.63027720908099,8.27376572843994,8.86756371937419,8.93440476003094,8.05815375314575,10.176488268775,8.86132603039815,8.57543456372431,9.56578922819038,9.35955741610622,8.79554929928718,8.47404299817421,9.26370328700732,8.19071887278349,9.27628662259447,7.97687174097544,9.8997860366905,8.82547632754513,9.71080555139256,8.52071594471741,7.37120690102682,9.01715498739674,10.6188696951629,8.62103560881904,5.18791747388749,6.46002917242688,6.95921043846296,5.35186467663549,7.47768648246591,6.65774730773428,7.98356532805679,4.9144322970201,8.26401432843776,3.94630416717592,5.47854982409761,5.28174422926565,5.42276750821198,3.21459371410955,8.66522431445237,8.17760353613486,4.85434981598186,5.4678983936556,6.682476395995,6.77591873638494,7.8089365327563,4.9189434231857,6.40312722668046,6.01213697426851,6.41780932358048,4.53793122191618,7.8361198703755,7.74671007869322,7.45495977663457,8.23125219344122,8.23156671555352,4.84190987162248,5.8409403384612,6.47823480950053,6.82224552209748,8.75277307837484,6.15199204894942,5.6073474671729
9,DDT,3.64642487937857,3.53801487929569,4.49278866551415,3.77115238486756,3.96925735363029,4.31268221913417,3.75983497362984,3.43288642134012,3.65692330466437,4.74767209538762,4.62440943307154,4.15054809003845,3.4688772150646,4.77817594032061,4.62955122005671,3.76133266345876,4.60486585032371,3.84174327947978,3.99049544889762,3.89257842012919,4.24779893430658,4.07151241662153,3.65692330466437,3.51786353105944,3.93144120176047,4.74607374389659,4.00236666485428,3.33859689236932,4.18141844729778,4.4741251019457,3.65692330466437,3.64263049890328,3.65692330466437,3.27841734414851,2.88715614690475,2.86567283976302,4.11383082274847,4.00707659650332,3.38228941164475,2.53153559337524,2.70757579334501,2.74647614306187,3.54884779891879,4.19764266133711,3.69092960731299,2.86567283976302,4.02263709223492,2.86567283976302,2.86567283976302,2.53153559337524,5.05415967859036,2.70054790714365,4.39696849058573,4.84256609717182,2.86567283976302,3.41305908711466,3.47920538212162,3.70150819273263,3.17210533130192,2.86567283976302,3.01564130410501,2.7047386884263,2.72653515571841,3.74610583881288,2.86567283976302,4.02992264754932,3.45710743283534,3.67430208517094,3.51471624087424,5.02279837448073,3.33859689236932
10,DEPP1,9.99192201004815,9.4541559007939,9.20290958459791,9.98221348696422,9.48470442070022,11.6579706830194,10.4123207937098,10.3368726250996,11.5914749750405,10.0021580378714,11.7460720593956,11.2306356244802,9.78101139472678,10.2060054855603,9.47187697755395,9.60720016284897,9.80633909556803,11.3627800516615,9.04208091194768,10.2852047361873,10.8479410159788,11.018908825582,10.5241054060556,9.93209653750032,10.019913247845,9.18204221491827,9.63303914966039,10.6336592655223,10.3764127199092,11.00002700413,10.1067867331378,9.87098340048158,9.41121152512931,11.5816280030015,12.127764276192,9.48614125642674,11.4089598385947,11.9409828485823,11.213085734224,11.543133925755,11.0377542172745,11.5058590074265,11.0195880369539,11.9391030627741,11.0911994089107,12.3828668076124,11.3612529574606,10.9877338163366,10.8701505812831,12.3340088415041,11.7648368249417,11.9300639354373,10.4718272919402,12.7143982959406,11.1902332102177,11.5034431374923,11.4210280615574,12.8087012256798,11.3791304490358,12.1785377478044,11.0966169330277,11.5732035299468,10.7481615289342,10.9052206862821,11.5992757309582,12.349183757425,10.6167334343275,10.5040079682496,11.4955408154676,13.7447025048045,11.3047795349244
11,GAP43,2.97450690807076,3.24381542484159,2.18451717069162,2.84673312001875,3.09999821349522,3.65253672501614,3.16604610737289,3.58621482258471,3.27777562303141,3.55783652216666,3.24251697951884,3.36722363252912,3.38611941870734,2.69378063023629,3.38744254086475,3.3772269048621,3.35239637019169,4.1311737762554,2.99087112068887,3.05822557971431,2.63909156950154,3.06602910362889,2.74322897759625,2.92706864869107,2.95899307106123,3.86186781812122,3.28574376641438,3.19091911011655,3.57579893207821,3.5031663727079,3.13391901441971,3.14310114105295,4.17935062054046,3.87281785251161,4.70071877850636,3.58191424881581,3.93739059314308,3.85023956700341,5.21338809175208,4.28648101744242,4.92796683706397,4.4378301475169,4.30097222495593,4.64989618688044,4.71849419498196,6.93028933979288,4.61038668206488,4.35645868757193,4.4008726996439,4.9062372649173,4.36649125014412,3.83831285313874,4.18175620627927,3.99777265547383,4.77465506349476,4.32625891152178,4.29319872638002,3.55409057616961,4.18438946414408,4.00864482156869,4.6177676952865,4.05919946064533,4.52198761397771,4.1861906340102,4.35225484438014,2.95899307106123,3.78975159277232,4.2265181053783,3.98743636710445,4.44047856219673,4.04933574813487
12,GDF10,7.89724792682035,7.81380983040054,6.91414729477916,6.94084010382999,6.58772825835962,6.55626000193781,8.2887434230378,6.27420104480852,7.96059031455302,6.64617075569303,7.52447184152386,7.28616252417109,9.43287642215281,7.26748447388003,8.61732383889542,7.19723556119041,7.6870097260149,6.4645453708086,7.72915417760055,9.07231544842727,10.5405469098232,8.91125710276949,8.08317325563124,6.44323124871379,7.6010872575644,8.00532840493165,6.21204326970148,8.4364441779762,7.88365785821113,7.38244179436464,7.52599129271029,6.42436198549035,5.91284120679726,6.30618729331442,6.9814290013459,5.53716311201718,5.45677036822421,6.13714636910815,6.54516470550589,5.08942257978316,5.28104644970917,5.79090094986256,7.2701988605103,5.85279681456979,6.90618101364516,6.55311435527881,4.99980372556899,4.82736977639035,10.0185967031931,5.11221592681282,6.71937211468481,4.7570986145548,6.28589258032129,7.80618148342286,6.73456831382535,6.135472164653,4.98318975866033,5.40041193157985,7.01917368677862,7.07066672358633,5.72956024073661,7.17499309351375,5.52337482860336,6.0703884211874,3.38800278159774,6.22264755243106,6.34513113608457,5.55454889751097,7.31809978234761,6.06833478742078,6.17532535847285
13,GMNC,6.26938037425793,6.35727313240941,6.18288239102888,5.47033392553729,5.25547494381754,5.45052670369149,5.24229540153274,5.02525224616747,6.05617130958326,4.39037304761167,5.85234514930333,6.0430099721481,5.53185167818855,5.20964258062482,5.4401039969486,7.01601930273927,4.96445150327429,5.30731303643958,5.44040107110613,4.98352315281022,5.79314064018396,6.18510351224313,7.40982808191659,6.79546088526616,5.80337035149228,7.95723516653416,5.72664918878572,7.33534877658939,5.69152572735791,6.08253369230718,5.60800490653476,5.6087546084163,5.33443347577866,3.53394160067747,3.65486585558487,3.78450396141251,5.13823936219788,2.45927921237588,3.27274798751555,4.06575264851139,3.46118374435089,4.97445193975532,5.05016414589126,3.14898468275128,2.79108116690507,2.97213205893576,2.68613854774862,3.12530594128709,4.33828366537208,4.06915673403532,2.36080129976189,1.91832185883477,3.38821774433323,2.6068123008463,2.53779525894566,3.29061184117875,4.69293644680404,2.2339786045105,2.8195289034699,2.97571900579109,2.94515689956516,3.37272407305242,2.86832317073501,2.86607866235109,3.22918501156979,1.63888109940212,3.97221500906095,2.39826828012101,4.03016318117298,3.12036659053762,3.25095146743992
14,GOLGA6L4,4.68809107898872,4.73951882049704,4.41230502344439,5.01803262870888,5.21266537472715,5.5862345687993,5.02429864884852,6.84811759523943,4.07514171705026,5.93920889560899,6.0471130905112,5.71390487281942,5.06100975304548,4.7339888292163,5.46538076087007,4.56671333625042,5.76912987318949,4.56504942075699,5.09578633693909,6.04472595656355,5.25659994843026,5.74496487685165,5.99311549329731,4.48862289790339,5.17528975789803,6.08252711814674,5.10765755289575,4.56134837608031,5.17209802975767,4.61901794983559,5.17572334239411,4.54259148354852,5.90834391634661,4.87190647840728,3.92298683855198,5.70482576101548,4.32030652733743,4.17543496768848,3.69994254473196,3.99055220329328,3.67606784853896,3.47893403464862,5.1812176957366,4.95742939885919,5.63755060512664,4.69824170310172,3.83141713570046,5.87352591651486,3.91457511314156,3.95710885564499,4.87296129704802,5.48487456222674,4.18449001705829,5.1393365385534,2.68240248613207,4.29346397920788,4.51210183295559,3.69928357117119,3.88846064999494,3.5455373831202,3.54416294521488,4.14806205060844,3.51217519711703,5.07947703749529,4.65626221953263,3.27625118662285,3.69318499461997,4.29866281895942,4.75303805030664,3.75194737000441,4.24347139391013
15,GRM1,3.83503222425518,2.60763742273713,3.43593493299432,2.60763742273713,3.52311846554073,3.25550291352025,3.5891663594184,3.56180721893152,3.45696870295883,3.51820933490218,3.30896023497999,3.72598006552284,3.87046307109179,3.8502559182842,3.91729399645594,3.30909722052956,3.20341001018655,3.83524377170411,3.50634740557358,4.33199548638743,3.69948058353391,3.58953919590573,2.56557994447593,3.76354966052129,3.42169699892028,3.86280746847717,3.39553630676716,3.58354672770776,3.28302118149135,3.79478223897389,3.6637704700109,3.2915736304607,3.59303709087462,4.31380732888537,4.22171310526943,4.89460863488515,3.99370829559695,4.27602819914067,4.83369416483363,4.38013332186004,4.62796428097456,4.33288257203669,4.48761139228383,4.58022834100181,4.24695376647025,4.20931746700462,3.89565825446402,4.61516654525277,3.98603805632431,3.66547784767951,4.74633769601898,4.50779668583738,4.06547481369087,4.52096992266467,4.5142385614489,4.37560598964604,4.46922900714459,4.01679450402866,4.75783244134366,4.87664178585658,4.6580509989095,4.09948276426833,4.67081519561749,4.64889456186925,4.81495877223919,3.42169699892028,4.25245552063136,4.33657181799478,4.36728281297931,4.3014198800867,4.28948530138959
16,GSTM1,5.73603570226885,1.79798719157761,7.60496915783263,7.72978550933159,7.85392786775276,1.64752455284945,2.01980728591176,1.80087917829546,3.14957957799572,5.35451195544451,1.86632961397059,1.43405645216964,2.43590242083471,7.50262199309669,2.88016035924138,8.47310703465106,2.30398341819618,6.30069698911744,6.77664871498685,6.91678636793501,6.41199972189006,6.22477353492472,7.09029796452702,6.05169333398851,5.24552472606826,2.13191816038715,6.80711909029872,4.42285060037373,7.12348029775531,5.9261040771336,6.78155191587277,6.80758258103223,2.64156275303941,4.08384757507334,10.16144220349,5.24331129393272,4.94096315584135,9.83861970555307,10.2613039985325,5.57762981605184,5.27735373429916,9.82551275783122,10.7434807019748,10.0931645007504,9.56952012358596,10.7902059659104,9.78073464600444,11.1623449289904,11.812043113567,11.7068976277735,11.0837336712029,3.52031193602403,4.02910540238948,9.63013561050766,5.00963457733476,8.32666379093952,10.0773043770799,10.5740587205399,5.49156340586251,12.6159919124043,9.45060020329041,9.65453839549297,10.4844457004724,4.99626432541399,4.36895185916469,6.65836537420932,10.5395094372545,11.4407878211626,4.65937040358375,4.36895185916469,8.56455942304562
17,HLA-DPB1,11.0436719102543,7.24323865169586,6.78174270824479,9.53556817799699,10.9169952402184,12.9060901841552,8.15764045592821,7.85220045567624,7.78542216893873,12.5589772672661,7.13569808902018,7.37188927043738,11.5007608169857,7.32342704281414,11.9966801527911,11.8773639440459,7.31843096876663,11.7515088887345,6.55124753491429,12.7594251248441,7.73232759389989,6.93449670272701,13.0284784207321,11.8573384062456,10.3908635609499,7.63602038594256,12.8726802062916,6.39913359886511,12.8929983817774,12.5774626743859,6.99608374311031,11.5849986434604,11.5678573257758,7.80506146545871,7.33750806852258,2.50443102467857,7.65500697378182,7.59662219496684,8.5582409818683,7.63990275942054,6.75512591854529,2.48972119621981,7.05586019594406,6.12071617512066,2.70676661447396,8.97183757183721,7.03557386559874,8.9155654252069,8.07981548228133,8.44041249318505,7.96422528919649,8.01728428967777,6.80370819042695,7.46942177555576,3.78345979763683,6.01690645326925,2.49504238928259,2.47660735203237,2.75805537155071,9.19844384135732,7.22967069787972,1.27763464363782,1.24278166821487,8.10978527426248,4.8666897962948,5.2970190496052,3.93277927815722,8.9234885513568,0.375354254905935,8.11114031429503,6.6247785385254
18,HLA-DQA1,5.5425001422136,3.90046926263143,6.21194770606514,8.34375903910948,3.54418264780936,9.4489834482449,7.54379186078275,7.46074158759863,3.85841161564166,6.98858048833705,6.79833944453607,5.68687773086988,6.42157266533021,4.1921317650601,6.12879578428512,7.1867217736081,6.15205075898277,3.58724487965616,3.33546927299945,6.42908412077591,6.91526716506076,6.00832636556919,6.81072650318213,3.66756784147095,4.97718882453178,3.63878837177492,5.12913269351917,6.07681800683685,8.0529648916728,7.04864485299408,7.73523293411549,6.28627003436972,7.35987603712685,9.46235021729509,9.73240500030828,6.24647219720875,7.83628154769315,9.86866291659509,5.05527690726184,8.69554908652274,8.35778469618612,8.52299968579683,6.10272983542465,6.89744025233738,5.92863480300821,5.82994235822123,4.8548695976766,8.98517768708886,9.6092941153073,4.8021966430949,9.14371986970295,6.04913958134737,8.64129613748275,10.517197604323,8.86958651739833,8.18638121715713,9.54499443053789,9.64965530695379,9.78946417692351,9.76698366084059,9.41478425681754,8.95039495864246,7.23728229996656,8.47802004660169,9.8460626550319,9.14781398239726,8.59043037772203,9.45608082448943,7.23127670220919,8.63447982994455,7.14937426845367
19,HLA-DRA,9.04372231643399,7.01422189788235,7.1311180189749,9.71150235342142,7.2826949110686,11.4314992031885,9.84857188928078,10.8345592791926,6.54598924572865,8.12097961750286,9.51112470453532,8.64429678694474,10.0688399507889,8.75073810042083,9.41778709547581,9.12554633355204,9.15009418777647,11.0268519730284,8.21271598532693,9.68950461280089,8.32625745552768,9.15059498386779,10.0751791625019,9.32954695097191,10.2109948651622,8.63074401682627,10.5719854579764,9.29017222611713,9.30018076178771,9.88763477217277,9.78099154979241,8.05336486693047,10.6736082636449,7.23419364513688,9.07621804780318,5.1712587006018,8.19315105224444,7.13034286693842,5.19130762387859,8.15095719163116,8.13902290244925,5.63576527719551,7.26681923022632,6.35961826611237,5.65102202153507,5.98821322592203,5.28450149999857,5.06086943586105,8.85609459853196,4.06214035446966,7.98881063653192,8.54526092258866,6.80058180447609,7.90724089032516,9.37270077110381,7.24345436805219,5.94879827646395,5.83749605923814,8.4577261420248,6.13944408858442,7.10808806887807,7.86191418520119,7.058793545401,8.92096848787241,10.25729498085,10.0716413087932,8.79469104347006,7.87561065037672,6.92548123327889,5.43670558498256,8.24706699695368
20,HLA-DRB1,3.27473512239061,7.48254190162771,3.02103739863492,7.34169713550181,6.6518466180018,4.46348499443699,7.25729188701456,3.69253743570606,7.68128276956941,5.23520878059264,6.6782626846216,7.5174478323486,2.86411001557859,7.87241407657299,6.09076272258188,7.27982763678808,7.63786403013866,3.48363053864743,6.21722517359898,5.50077187503054,8.24648567433487,7.49967245544443,3.18813851103447,3.63434842351133,6.16280662561577,3.96607499858331,7.90725581063955,6.65491122050341,7.61204944611691,7.40125321289912,8.48983310562542,7.7919607120981,2.78342206803946,9.06305716353599,11.370234201522,11.2198278367648,5.47263577328858,9.50460346876957,6.80109763564661,10.5822425594576,12.0122505219922,12.4984844107088,9.28993605304979,8.6467119078404,11.471819976782,12.3130675150444,8.5727657026974,9.96216969902618,6.81374948759679,7.66660756010468,12.3524481754193,7.99079987138964,12.4223589837925,9.81082739773177,11.3376935577726,9.92085220111569,10.8169658180029,11.1422565746078,9.19987726545295,6.89916738711394,9.22498996265364,9.94851028208015,8.53640088785581,11.110625494959,8.74818932058982,12.6617874256659,10.4388470235272,8.99316434589059,10.730773300369,11.3785702747507,10.0660166178275
21,HOXA13,6.06577200172398,5.10886240592536,7.77852520904562,5.86167243639855,10.87112363902,4.58474738083405,10.4979056874615,4.64602149219797,4.40456826795167,6.10477605642589,3.63487739930832,6.20499174288641,4.6839915792196,7.05426837797038,6.49474068542527,9.21951344359421,6.77422780661642,5.70421067194824,5.99479395776977,3.56669651670329,4.73751630569639,4.32822024361151,6.0358656402474,6.3827776053786,6.31355089461051,7.02534699085993,5.42327148034645,5.77860323526975,5.19879754680182,4.91812728987421,4.72759790773278,6.36345065722707,7.67681949328479,7.59659203499891,9.41341983053785,10.8900016919308,8.53422344793996,8.72974508775488,9.30454563533982,8.69302767652964,8.80995313335552,7.90246332410771,8.72418696803678,9.98860641793222,6.37584297062091,9.75543205909345,9.4692415618032,6.84849785154204,9.12254535449557,8.91214248875515,10.0998617851044,10.3323476998891,8.99078058519639,8.92473533678873,8.5731811226706,8.78205589117514,7.26240108269057,10.0869605316748,7.21340311672605,10.2022474356245,7.98780261784038,6.70885282957498,9.37005504863528,8.80372494010039,9.95436801554029,9.63947623561323,8.63339786966511,10.9834472327254,6.79045304721027,6.27814051508507,9.02996339035027
22,IER3,4.82338217149769,3.92338037903984,5.07712404235779,4.82061522545607,6.55325156458407,4.2001153616197,4.73851939551169,5.94183854342557,4.4031963299259,4.91849653206125,8.0484181806751,3.98784031342905,4.23200404161719,5.06124847127746,4.4031963299259,4.60931754033676,4.19167320186483,3.97642734130676,4.60747170926133,4.67525898631455,4.81750016724965,5.0047045712077,5.11069681863742,4.13483979142315,6.05906325758437,3.55169096988604,4.83137705876358,3.85987579441588,5.08869937694012,6.95904661906362,5.04729335762033,5.90498811966011,5.64923986073598,2.35612887386346,2.35612887386346,4.3615576407743,2.09188317422652,3.28259155591882,5.38524414592172,3.19397672465985,2.35612887386346,2.35612887386346,2.35612887386346,3.14829358499283,2.09188317422652,2.65222830407668,2.35612887386346,2.09188317422652,2.09188317422652,2.47932125047931,3.36848466253493,2.88515951353989,3.35870154318426,3.19549005459095,3.48190184998111,2.74662439818534,2.09188317422652,2.6869806793349,2.47932125047931,2.09188317422652,3.20025291050124,2.88935029482253,2.35612887386346,2.71919564047582,2.09188317422652,2.09188317422652,2.09188317422652,2.47932125047931,2.47932125047931,2.71868214613164,3.85987579441588
23,JCHAIN,6.22714746737496,6.57670026456328,8.14756555144733,8.40848884027317,6.23981142982572,8.77112784487121,6.89487382582735,10.9969056588207,7.32161757087151,7.86697140933852,7.14365813692941,6.37780312663301,8.6283654205333,8.68924155000225,7.6062596370501,8.67049768393477,7.05685332454768,8.09609150779457,6.64607294287062,5.48612293767532,9.36652288756033,7.78112121997481,9.01948950561323,6.80226445528074,6.30080871995781,6.9349979703004,9.25633434329717,9.6917550586507,9.556566002974,10.8175978338799,7.43791671468374,9.99279082638645,7.64454539767323,6.79663806427997,6.08691536220361,6.54988335564624,2.5763486110617,5.89408210428716,6.60430427151004,6.70443617882865,6.21032960078815,5.08273148824016,3.52208439041061,4.6926774820018,5.21993164838381,4.45954845659806,4.05714494439568,6.28796367675817,6.26362018882478,7.03909026005026,4.36210815790195,4.00396266912843,4.37020508207756,5.32824056037753,7.01515641973513,5.49404160676603,7.29875099437427,6.40408143544057,4.90673820990729,5.21643261655596,6.47313989163425,8.45511084857717,5.94332000632236,4.02524465516882,4.82470811125548,4.39560990516233,4.73136835090881,4.90600794826401,5.04586888564402,7.68408268689688,3.84167193074149
24,KCNH5,3.63604183550904,3.35152239457395,3.19368431272063,2.10859583118518,3.44146052991922,2.8988336209438,2.60640686264533,3.43546262480917,3.71292401597644,2.62098323735073,3.5746844068129,3.56297289147412,2.92219558318118,3.12892902318132,3.4435047972221,3.39121186949821,2.7043684186346,4.26788828787937,3.00730581402163,3.68816193199029,2.74885653260263,6.05474071478577,2.47087688182977,3.3685517039073,3.48053035865746,2.56459391556178,2.75452853691023,3.99981421592992,2.10859583118518,6.4775043377438,3.72950049302674,2.94245370700951,3.71692041263984,4.15322721324105,2.92273473885976,3.95750447007243,3.72692369566617,2.92273473885976,2.60395749175389,4.56220437104848,3.97738866242176,3.49769361445441,4.58151636426074,3.71489944998914,3.60812947723531,2.60395749175389,2.92273473885976,4.32177675967455,2.60395749175389,3.86292337471564,3.17258070955234,4.36645753764204,4.23061427345743,4.18262204780128,4.7341511311283,3.71812113564045,5.8398782631504,2.60395749175389,3.17258070955234,3.21876654993053,2.92273473885976,2.92273473885976,4.73560304139965,2.60395749175389,3.19105738854581,3.89747386836441,2.60395749175389,3.17258070955234,4.36585693942156,7.25711052794455,3.83154222365188
25,KRT19,9.27015823488531,9.58063315506899,8.75915979810507,9.95262422013622,7.84801354236673,8.64461169282968,9.07442489318332,8.87069466830293,9.72290468318212,9.67717876385334,11.6277544733322,9.88787248164688,10.9139238050953,10.1448581056137,10.1293136285078,9.71997234668798,10.2933914615177,8.72240416869021,10.6501504825,8.47485525852104,10.5786472258432,10.9829513724948,9.09819443863829,8.52787149037037,9.90452518872076,9.27992683367634,9.08394235509061,9.69221629075966,10.743699117537,12.2667738307233,10.4922848853346,10.436905038065,8.96028474539104,6.94634254587417,8.73872135351218,7.18182106080657,7.21678477684737,9.38510344504341,10.4316981001075,7.35301671885218,6.90079792780882,8.25371801978106,7.97950038375911,8.27407901508867,6.74301091104948,6.11735996733648,7.48786936407338,6.60518499545767,8.72447292778234,7.45982653954016,9.36225185181608,6.02254186522658,6.11183739995443,9.31272495587332,8.9117908575867,7.78019286363541,7.57569706039274,7.04764407752665,8.74452282334276,6.90921106017971,8.12165487748398,7.07393088562228,8.31387805179436,7.45212555709989,8.30565723897306,7.19821876639369,8.78182895624608,7.59411171252902,6.16742753573225,9.13402773010439,7.92674463791158
26,LOC102724250,9.22109316035008,9.01919981416987,9.41319697253692,9.43881813720281,9.32753806129923,8.91138749486139,8.5824580328638,8.82574232069879,9.22250292934693,10.0160006050601,9.00535518246998,9.1332174721839,9.76623556678477,9.15685766298646,9.2088428998556,8.75282224170859,8.82127359410159,9.26792834888036,9.3117780866622,8.56390563984032,8.4926414229838,8.36501315569064,9.33662157815729,9.13336810091663,8.61282867242397,7.9881511009555,9.16268791785296,8.26260668922064,8.62545260683468,8.86759027575253,8.05684906681004,9.13463302603633,8.80119779625309,10.0790036053374,10.0264101161853,9.63548429214895,10.7009151194966,9.05219123959288,10.5713954652535,10.5654599181781,10.2504254451458,9.73180661782433,10.4298967823799,9.02058828746631,9.66725918478283,9.64128630454132,9.92992491602222,10.6363976392204,10.5561252094792,9.10494622790876,10.0612961253657,10.4669967913147,9.60575493874621,10.1554107739511,8.8208108341116,9.85876740342409,9.56092893120406,10.0533366026201,10.0744215701029,9.22829003996717,10.5124612066216,8.85106594815541,9.91080697919402,9.98796669088262,10.3816423766879,9.93663915520685,9.56534983135779,10.2318804551318,9.11460012385726,9.14743409430207,9.50778408694649
27,LOC107984156,3.28522678514788,4.59140140008431,5.69348127049677,1.63737018459391,3.40551113370176,6.37659067637853,1.70055037824885,5.36497725143369,5.15687388183027,3.59757082058113,2.02259296739237,3.24604661749182,5.57457542026421,2.19088798779916,1.59489361947249,2.65530039025101,5.64246252520247,2.70081075354104,5.43244873309427,3.06874616109487,2.07677303264037,2.63709206925851,1.76898699711709,2.10537095290024,4.48530675762016,2.7446710734682,6.63776573638027,2.53895008293576,2.09733531663168,2.60436178558069,5.21370836298906,1.67315867381876,5.31830447306604,6.08693062299225,6.73331581721304,9.68742323954101,9.43742476476848,6.41218031805059,4.48530675762016,6.67811612219929,5.65874733706997,6.10600586614357,6.2607346863907,6.22974378165013,5.6375068251231,5.70914065419547,6.31672029772065,5.67877630395265,5.59373457508955,6.77964739585876,6.17765587275876,8.17059741332272,6.59258469669064,6.29409321677154,5.12598947579023,6.4061082677624,5.81951241293894,5.32114211058977,6.18725052304258,5.34844165460829,6.43117429301638,6.48977833437941,5.90290906726198,5.11261922386946,5.07240665441208,9.26119576527733,4.48530675762016,5.95958643101842,6.65439326169658,9.77710757156055,7.35080580500355
28,MRGPRX2,3.59050322064304,5.61473168887555,3.95146556043415,5.18413785521507,4.24137134732355,5.91633748150931,3.02845213880888,4.35531893243287,4.60868018224095,5.32317335558961,3.02845213880888,4.61817126124585,5.0107186470377,5.74714905427647,3.71729142375804,4.94880323207266,5.24209290251262,5.28227758623725,3.60229093992207,6.7890001103921,4.27990169072316,3.02845213880888,3.71729142375804,4.82434149134003,4.01645789885039,3.02845213880888,4.60884058353115,3.72468166540488,3.02845213880888,4.28348599445768,4.62092233189822,3.02845213880888,3.71729142375804,3.35054072393195,3.29560444812398,2.79449574837619,3.77289327045804,3.97027529339871,3.31111232025792,2.80339441549502,3.70525761100714,2.78700508488265,2.78700508488265,3.35062237812883,5.11468095186396,3.58211621646053,4.63812490965035,3.56193945958397,2.79449574837619,2.80339441549502,4.68665312488753,2.78700508488265,3.65947907769961,2.78700508488265,2.79449574837619,3.46075105777461,2.79449574837619,4.72364625314687,4.19318158946479,2.79449574837619,3.388084713279,3.83625055067953,4.10825476341483,3.67492874742605,3.61924478868133,4.788297752313,2.79449574837619,3.47448838581029,2.80339441549502,2.79449574837619,3.12243798334338
29,MS4A2,9.85764447760521,10.7929422887503,10.377985344055,10.4247337515711,9.16258074885604,10.3862378831211,9.81346961430289,10.2593940603384,9.97433889694885,9.25719864987128,5.86785201738668,9.85320293351375,9.71248272293375,9.58294434110323,10.0727514883234,9.52104395701665,9.84488643114176,9.43833208953855,9.40164004014633,11.0129207738586,10.2211673353007,9.05753655966269,9.16620625027158,9.8094071016069,9.36693643619894,7.53041663737276,10.2465850948729,10.2500080802464,9.74253420517033,8.33243468289371,9.68079103542919,10.3257145795169,9.27125432055697,8.3793471328115,9.05326034355672,8.82155841051568,9.3090473061037,9.35078159221552,8.90868210886944,8.72387917356674,7.10895431071987,9.56601029023692,7.61710951436862,8.18040399161412,9.56477692594929,8.08096581609847,8.03409811054255,8.44392898431376,8.1851289905277,8.4641547042023,9.18604380783858,8.27427514849493,8.05147206844248,8.44491913370106,8.95701015513194,8.57644739464253,9.1013187971814,8.68377130658119,8.480840440989,9.21263137014135,9.31218356926856,9.14308811116041,9.55436020786223,8.42414318562642,7.84004366197583,9.02418430084805,6.64901090502669,8.67855800309394,7.92520823816464,8.2747340419629,8.31866944206927
30,PAPPA2,8.60329921331919,7.75702371670993,7.54836757449734,10.0300834605201,8.82531191774676,7.28492757030159,10.6705363622813,7.03670835349608,8.03612413219897,6.97974492919629,6.84316187214759,8.53008976373763,10.9769482777646,10.3502099272728,8.37022373772821,9.66601308269319,8.42385963836256,9.1647113874704,8.87814955333087,7.73052529233758,9.61572120230603,8.60613963186081,8.68035148659356,8.08521324780463,8.68738774003536,6.47197036552915,7.13468159393534,9.81624738688035,8.9845855916936,7.67890523019557,7.58281247340912,9.32010654885406,7.94703835502132,5.75461384240231,7.8149562002093,6.61417417770334,5.67122511473738,6.81724500633937,8.19540402835589,6.68106682939901,6.08984187655044,6.03909595028906,4.91685795035463,5.67455446869783,4.69507735405445,12.4681666206807,6.35761253445862,4.93762323293407,7.24250949388149,6.23424956617611,7.19420581547867,4.86172453314602,5.45016088713986,9.09785681900855,8.67361064543984,6.30943471001725,5.03122559936901,5.02230664993253,4.34928768483038,3.60434955898142,6.08329860469408,6.38832235163911,6.98594491531232,5.11434483466446,5.93368071508518,5.65593087859363,6.95122609455208,7.47586738190089,5.92193098231844,4.94717263997919,6.5023624313486
31,PCP4,4.71779169910848,4.92319287290167,6.95686291953402,7.85844242892065,10.6063248383723,5.86155168621827,9.50186676825587,8.6793211204975,6.17970045208115,5.23303177404439,2.61427964112586,7.07223359966621,5.97072088524762,6.46756693072875,7.04470644486777,8.9947162486332,7.44448732577279,8.07373756771458,6.58142887622116,7.72848939790554,4.53325374629832,5.6993007710282,5.28577995774313,6.1260156262439,5.92838819999863,5.36600073461931,6.40471769010051,8.58251750441357,6.53214178936668,3.8777013865665,5.84723294363396,5.82692020733352,8.66288822785838,10.4511930037993,9.36665209377787,10.2486989332244,9.04357422195352,11.2757328557638,10.3541304946443,9.57444288806862,8.93977022558794,9.6351692042246,9.70454392055724,11.0618284829382,10.6904888094688,10.4997049115461,11.0196317740257,7.82685519610965,7.86427547579649,9.02184586482553,11.1316313587127,11.2073469796569,9.7715111765978,6.93809762428974,10.2722116147878,9.75491702998567,8.86700992058926,11.4164036709143,10.9622225348264,9.63599929907475,7.53323841082393,9.85673215602814,9.80739051172825,9.80307890016797,11.3843572390481,10.5477144808298,10.3432423208643,10.4519727015777,7.38738683190311,7.93385128357135,9.10199273716544
32,PDE11A,7.83327173323707,8.06155432472092,9.30276854801687,8.89155574250896,11.6179371960777,7.60041159795428,11.3666513799458,8.10388636597374,9.18153749536962,8.76322774512873,6.24689246729077,9.22254718572415,10.2735610902939,8.42008700129528,10.1443368856367,10.5264405524645,8.69296977237147,8.99935063488739,8.45278594164008,10.4863591090984,9.22785805067761,9.33413028539169,9.56897613173216,8.60717904856027,8.87607832014875,10.3990381258058,8.56220943384123,9.85736215147191,9.20023903063389,8.68445042225201,9.05997940414828,10.2792976946267,8.6184195153167,7.03743478618261,7.01951012383449,8.22913246892655,7.77381177474752,5.71121216665641,7.90154004435549,7.32667685371443,6.6355105278376,6.88778483341343,7.83108958574751,6.27947483027565,7.91386091501492,6.91648323718824,6.86576576763609,5.43878311763766,7.13666317683904,7.14347486852997,7.00244394608453,4.79512970871538,7.90141575041852,8.45473316529355,8.0675031535746,6.94721965836849,7.06048797847773,4.92380645816178,5.90196778924901,7.9505751535953,7.14228957846596,6.83067572711493,7.86904866556681,6.75080936955335,5.36478939006881,5.11564670505716,8.16339583878915,7.17018601253364,7.13856848009938,6.73770350400966,6.65774190626745
33,PPP1R11,7.08425892540493,7.72862142780611,7.44313410996556,8.45183657422251,6.92055467437822,5.88626146003735,7.78430125357743,5.69201904976817,6.393739142813,6.86870008267839,7.33433759826629,4.80082745254547,7.92329811631608,7.04317814620717,9.20155750310778,7.90515841659106,5.53648074995178,5.20731025969777,7.76082356875165,5.59473573497661,5.1941207933903,7.31205481079459,6.46600266111042,6.44426017610988,6.3453598194263,9.11311613980292,7.34544325263114,7.41872951076061,7.15075521757373,7.90753818520268,6.40259920009333,5.54106735516017,5.7585021723989,6.34552818416037,4.0241295682332,6.32423169555365,3.05558391638673,7.49149016052418,6.05945124690869,5.52439394123858,5.49833066036041,6.78871667715603,4.60543163377779,5.50090619853498,5.7027108264901,5.30657536417047,5.24964036467992,5.42176588808286,6.81912894199652,5.08122640172615,5.88480995420103,5.09030761866665,5.9401240842368,5.27452424466545,2.97610055384842,5.51593941953448,2.93855445417189,7.54505698838135,5.73283391143116,6.41370500532787,4.79058625322037,4.97319078247583,5.65024544279068,2.07718639430488,7.426311395982,7.58895841953999,7.15056555836101,5.72745433896665,5.14491796964328,5.981380714574,4.98370276800567
34,PRLHR,9.59656772932759,7.0284727549056,8.18705585216463,9.2356343626855,13.8314287850142,10.7231431981078,9.95115225962029,6.36249583697026,10.6049207069526,9.35787204942801,6.2438698353777,12.8414694297271,9.41375712870162,10.3847861343857,10.3207666466994,12.6726868987888,6.89818839323865,11.0936958801779,10.1913709351447,8.97452634350008,10.1781212791593,8.65699201256515,9.2730822665739,8.13510150542897,8.78090218781738,7.87938958021972,8.77408071979417,9.6060508847711,8.13880674956509,7.66659915440596,6.22387350101394,9.28399435154103,8.68222098840746,6.38313210182996,4.23368810827281,7.94068492811625,6.64686589248197,6.58848775655723,6.10567773095292,5.85709668885061,4.14021038360562,6.3331036386022,8.72485709420947,6.76237092489555,4.14804511745553,4.04935267266855,4.90441083279247,6.68969526794583,7.58449040652517,6.86531210900491,5.4510129720469,6.65770709307803,3.25564257814745,7.9018585901084,6.13481374124312,5.85066536344577,6.96752950769544,4.590584143281,4.74754222871601,3.34657115913442,5.48341200705389,2.38316858533049,8.1572653937572,6.68978189590989,6.50692369862796,5.0630647338277,7.03003346222368,6.23339714005075,5.94963104200545,4.58390430989765,5.38329251059098
35,PTGER3,14.8576959608512,14.7738902931359,15.0379074617301,14.6907978380341,13.2800757988858,14.4565583319258,12.2086270683236,15.0949522536913,14.3294536078386,14.038617635837,7.4825841529724,14.9334007872003,13.5341619000617,13.6809703208103,14.1584370367703,14.7702230120544,15.1382761274776,14.4864233128659,14.402410561262,15.7225680497762,14.0858188975388,13.5356855255227,13.450959198476,14.6710574005838,13.0772406970343,14.2289553056287,14.0013977857547,14.8969929139256,14.2206665241635,11.9199372299119,14.3890149766297,14.5687383950219,14.0168673530687,12.931736158605,13.1758789520551,13.2923197693967,14.540850518605,12.9530001838378,13.1929906696692,13.6019346159531,13.7524972060028,13.3624477325672,13.1503942315295,12.7549216470885,13.6847912102749,13.0905022136391,13.5116066336448,13.129380902373,12.954563330799,13.9317004787938,12.9538247264308,13.948023036767,13.3033047647973,11.7974600598156,12.5217878584847,13.1722084815263,13.600672319852,12.7348385693792,13.4591151878262,13.49375661367,12.9961123798275,13.3975702733429,13.3759654814876,13.1347134477301,13.4835461649204,13.2650892130547,14.2549264384917,12.2671941219804,12.8194817581737,11.3076495159796,12.2451654296283
36,RNF5,7.75839886866031,4.53399718493725,5.11743168907191,5.0946243959257,5.03536587327704,5.45148664709591,5.19428104828075,8.04721978055011,4.29074958904082,3.64053111935086,8.17241231326899,4.76749585424946,7.92676388848885,7.74755186833626,4.37198874595024,5.10480132584416,5.23162914469679,9.0732953554757,7.79161867350342,5.14315723330669,5.48865832847061,5.19497833018529,7.67499443196213,5.66030860771752,6.72066167069222,5.33870321595745,5.09304602695258,7.43876891173994,5.76608323001147,5.26270946979638,8.11527793771867,5.15122712853983,3.39936083055791,2.32403611580239,6.58126121649555,3.43053185337009,2.55617241860206,2.29266163449636,3.28297807471624,3.3666727913409,2.06804331726213,2.51530184633573,2.11196282682649,2.49636304765902,3.14363849716868,3.11651754845222,2.93009580195114,7.49391704497728,2.55617241860206,3.82646680071172,3.54118072921599,5.96967134468956,2.4044587842013,6.57440535201463,3.80841141123948,3.45854223617246,3.16970496096066,3.39200777157167,4.04180449113013,3.17098147677871,1.53198479138434,6.13735912401118,2.48198610328458,2.55617241860206,3.14327231539399,3.39027705163207,2.55617241860206,3.32311128747564,2.65201731716037,3.78240699465879,4.24588333960367
37,SCARA5,5.14830697032289,4.69100135407616,4.82753565471047,3.9981230960524,5.69784652730111,6.8419279886792,4.62211834126318,3.86712339476401,5.98127722659349,5.40671322954408,2.57206681775027,6.73065294693775,2.98774773720693,3.93554669832187,5.02070636313392,3.70265219982692,6.57283726102727,7.87480572370224,3.55468420660277,5.51612172331658,3.17251931459573,4.19083543222422,4.19071671658277,6.60855934356728,4.0828361925384,5.31352339088677,4.24392771088901,5.1279944751749,3.64437985906828,7.49640351585298,5.14892459556136,3.06465066743468,4.95791619432136,7.40034889433629,8.61701536035646,4.88546381331933,6.06978119561693,7.95007834881451,6.26988138286698,7.08314017486014,7.63417991512157,4.15955625989666,7.50509311076809,4.07109023078016,7.22669827963283,6.69547503841504,8.69828681027491,7.98541365061473,3.77060438303886,8.00402823574708,5.30584234018805,7.31329523229256,6.55126402836473,4.10999862494983,4.10517748517836,6.70428149309403,7.88685779296545,8.56302014348258,7.16536643850799,9.02787964036535,7.50613784243055,8.02658492137033,4.31701132355971,7.33556352470698,5.83953570017607,9.52824848877866,4.9765043189091,6.12431636803736,6.54299540122354,7.89207749131789,5.9146030532133
38,SCGB2A1,3.82172603871896,4.48234580716072,4.01270684878206,4.92148465007577,3.42304755301076,4.07091304379388,3.42304755301076,4.25303280496304,3.52336348223908,4.35882945243755,11.5324995248126,3.99261841141363,4.94760437458094,3.52336348223908,3.52336348223908,4.40575337607398,3.42304755301076,3.42304755301076,3.42304755301076,3.42304755301076,3.42304755301076,11.6146717124743,5.2996967450815,3.42304755301076,6.89364018843165,7.06660147433862,3.42304755301076,4.35882945243755,4.7399820626306,14.0129476094457,10.1147198696463,6.20807703009221,5.23809112516847,2.41193524550477,2.41193524550477,1.46439315397668,1.46439315397668,2.41193524550477,1.46439315397668,1.76732551056177,2.41193524550477,2.98689412109943,2.41193524550477,3.20409995663415,1.46439315397668,1.46439315397668,2.41193524550477,1.46439315397668,4.19860975705601,1.76732551056177,2.65648892261739,2.41193524550477,2.41193524550477,4.08807913164349,7.21135666064795,2.66895562844148,2.511925162201,1.46439315397668,1.76732551056177,1.46439315397668,2.41193524550477,2.41193524550477,2.96695313375597,1.46439315397668,1.46439315397668,1.46439315397668,1.46439315397668,1.76732551056177,6.28794280578444,9.5188068034425,4.35882945243755
39,SFRP4,12.1935207603464,10.480459836288,11.9260168632578,13.4941152164212,11.7881020321304,13.5108147711229,14.9658421986166,10.6875321326592,13.7811227768874,13.1663863940965,14.5544236446315,14.0382887334587,15.2654363798073,13.0488698734297,13.9963561251464,13.9339172616163,11.3949240990257,13.3416629401852,11.6701779309188,10.0424483684629,13.3159945111846,12.9029591817409,12.3179094494562,11.8114230211155,12.8781612511277,11.9975452846552,13.0556480713108,12.6776430420716,14.1692415815716,14.1969047339483,13.007722977358,15.0401259438906,11.2924001723138,8.73658274931518,10.0126507629136,10.9455795065121,10.2333782972116,11.735938972972,12.2648760025684,10.0998402045795,8.67199736484093,11.0198602496571,11.0951144017695,11.9664412385552,8.74318659683899,12.783525868459,10.917626603496,9.54812789724078,11.5560904224485,11.4891469619615,11.20511126657,9.07889312369116,8.81305784327872,13.8502170999461,11.2804531910142,10.4650531589895,10.657173400211,9.13431340757958,9.10008639792301,6.44389779206058,10.3655004994931,8.4548758497533,11.7919874661709,10.4798954808147,12.1358080428385,10.1776985704111,10.8902834248719,11.5513563395114,9.34477778339146,10.1957982873885,10.4358175143519
40,SIK1,5.69718617465299,5.02223286292203,4.88049998185123,6.23811845612594,6.21139150173706,7.09494493278832,8.13220294613873,5.95736437330109,4.31616966927329,5.62884973066777,6.15460091683198,4.57156352570394,3.50625982963613,6.30470583050812,5.58350787454318,6.32935200486031,3.58767740838147,6.61019970438385,4.48223186715023,4.37109993020797,8.10848736014727,5.48662496995678,4.1924833794445,4.23864600237176,6.26448287045714,3.76133651346624,4.89922064893669,4.65187940784302,7.41076572100612,5.23890657261436,5.26622483765514,4.37078186657095,7.42733242651163,8.42228000444134,5.67153596593898,6.86236507307593,6.49267902612555,7.69492032715695,6.98717966175413,5.91035941572525,4.94597394154008,6.63604051461015,9.14012129166635,6.09221329008774,7.46650338703205,6.70160390631981,8.82771461125001,6.69918518038441,9.07374328040474,8.75580799231936,9.5501179414689,5.88171740818338,9.69429834602295,7.59012536488391,8.8114750600596,7.40174451865967,5.82334607911161,7.37062794909227,8.74921412865973,8.06246453684781,8.27194746289468,8.97843886092067,5.77709587163814,8.93585853296193,6.56042153187498,6.36543171953864,6.37110253023703,4.63845582707678,6.80651180670798,9.09451264293301,8.15115671946083
41,SLC2A14,2.97466046783045,4.24729035147754,3.79316438882917,2.78126379642959,3.13528220160675,2.20728347857313,5.91217167401124,3.1489633182055,2.97037355566646,3.30677020583308,3.21335424194013,2.86560830909812,3.63017256338147,3.74667676959952,2.58098307430927,2.2456903910313,3.90323472568186,4.58432072498169,3.30436272562711,4.48516624677702,4.12900714756372,4.09106787664143,5.34457712237709,2.48981714431185,4.03995203354525,3.84658077019233,3.27091570602095,3.19025248541652,3.13854742769899,3.74267414311237,3.5170345658347,3.15519797733514,2.91430436180267,5.88141589492692,6.88923212449211,5.60493263320662,5.13918160946137,5.90235219677777,4.30107278724636,5.68696684630133,4.74629986706824,3.69164594350624,4.27162397894839,4.25526323675242,5.76047118549937,3.76180413963214,5.87256828378627,4.27468179496773,5.44377972819029,4.83709628182194,4.78038060661478,5.29083685669718,4.80724449480128,5.17905106863146,8.13009231287152,5.06929972357851,3.5877162139064,5.15718515439039,5.23910821032279,4.4291284584841,4.29272557190259,4.60514152144879,5.28479509035945,5.47620669434471,4.12569200708993,5.59076802087468,5.94454915909598,5.72549277975157,4.14675361665864,3.85390655271423,5.59692684885881
42,SORCS3,5.04385562114367,4.85795085178257,3.88118986010107,5.57471127699298,3.55855124286757,3.27244831519568,3.76332887392118,6.59082957068718,3.38561882551784,4.51181370119543,4.48196492057234,4.23082391969515,5.94857392879941,4.15685715371348,5.49621751622802,5.99771719164135,4.30317409025962,4.34927086044942,5.30360685619629,6.97200471139754,4.04973875801622,3.11030321525388,4.15195082690414,3.74216639815919,4.85002637908627,3.80868634007469,5.62246605261928,4.31709070162445,2.48221052543706,2.91227754953608,4.12441741746567,5.57359532444976,6.04279982398314,6.59229868981636,4.88329587592271,5.22009380029393,6.09104080866177,7.58433325943463,6.77095306516266,5.67452880087185,6.52278821882338,6.20797685853659,6.55663146571842,6.81144983277687,6.40191691145259,9.38616086745433,5.42873082888924,4.4058198967679,5.3477005699346,5.87281666778274,6.92285698525567,7.11933386399326,4.85459576546926,4.00048271765491,5.43264612061295,6.15410262172719,4.49302355158681,4.76615917859482,7.3736483197917,6.45090948979352,5.61053721063316,6.57833431680646,7.40664779970542,7.32928725343141,8.03584969552426,6.13018161432167,7.71498472552503,7.03030302555376,4.05046193110742,4.19853161339925,6.44448540684474
43,STC1,6.74210597698213,4.82214857367308,7.63101646969467,8.17545479685995,6.54345221578187,8.75090421794716,7.996448070721,8.34061941818302,9.25299742189293,7.87779185148069,10.1256701381282,8.06436528860794,7.31067649549177,6.86703753269327,8.09460348529023,8.17183665028517,6.40842743265754,8.98090541599043,6.93934928238687,6.85891759425633,6.90804875541396,10.6170162504599,7.0646542220041,8.17083802488576,7.94473128463237,8.66912588165858,6.8887784217086,7.7159551481642,6.68629934875598,11.1812701075297,7.27342294515658,7.32415144615849,8.52424096151741,10.6134032429478,10.0512690503066,7.49675855813112,8.00261056664927,9.66270084320189,8.14270404118774,8.90407945142204,9.25200876449292,9.06028688826021,8.31336653716449,10.1338371945059,9.6284864299438,9.62391252374902,10.3500646178222,7.99130462738223,9.05229925252061,9.40965720047052,9.42667628321509,10.5162235922358,8.33468277385201,9.56677721671065,11.6226932546393,9.57293819891553,9.50104570222328,11.2259177223618,10.0292429267686,10.7013939101574,8.54461575372506,9.90979053765297,9.71210777193891,9.60678525375793,9.31806135325187,10.1799912255071,9.0565439722529,9.1351087170371,10.5328646145799,11.9179309323932,9.67151005545548
44,TBC1D3L,4.39136180445583,4.37349985487203,4.57198985110071,4.23019426088012,4.98964649588115,2.55791781073229,4.06981562389702,4.64879784323284,3.78086920667697,4.51814101812621,5.16521594051103,4.95969914090446,4.9469002011166,4.91578785521874,4.74523437299859,3.84053384904533,4.37888137555485,4.38318529354336,5.16287354083621,2.55791781073229,4.00977040254657,4.46692949643056,2.5388220725303,2.55791781073229,4.92821519627218,4.12995876215604,4.34117717178031,3.30426657712467,4.63446951315593,4.74559798766141,4.93246257075721,3.89073049042528,4.58806950486432,3.31284412590941,3.31284412590941,5.13545131428032,5.09976044423194,5.14840345494551,2.98982845226994,3.97453858745951,3.31284412590941,3.31284412590941,3.31284412590941,5.86076774895217,4.74932957619067,3.77744892035428,5.03142937278983,2.98982845226994,2.98982845226994,2.97368897182173,5.54613857463274,5.73197850982719,5.26836420872415,4.00133456792093,5.12002209164435,4.23943472623109,4.73580855376299,3.58492595737832,2.97368897182173,2.98982845226994,4.33967916663979,3.31284412590941,4.0930643819792,4.47244856964009,4.9636881856705,4.84322853109607,2.98982845226994,4.42578998962719,5.54276326202363,5.72169361500036,4.91744232532892
45,TNFRSF17,5.72376242804295,6.08267686924309,5.47013432881534,6.47327560244176,6.10554841023362,6.2327614391332,3.56652231422166,3.89869653471379,6.01031797228137,6.39033673004459,6.17844629200418,6.08908420495125,3.88231103475751,5.32936511132574,5.78264741939621,5.60622987096447,6.14845570677429,3.69624174122025,5.6340266152598,6.00137567999951,4.79051856450172,6.36038829655989,4.15708262412027,3.59663891008925,5.39172823635733,5.09421291058778,5.60534663208862,4.04538951793988,5.55828581047329,4.50409018903242,5.8801082284275,4.32060548862476,4.49538761313252,5.27814073961243,4.57345685623494,5.48469559246004,5.22694988115418,4.37047019962855,3.24905551950062,2.18693938757444,4.44280094297034,4.89928305711418,4.95336617694545,2.9519286574864,2.95089808973869,5.04763779130481,5.41986989185778,5.76900020602473,4.7906433553324,5.51875227308961,4.80745753130785,4.32880130007216,3.16233661567783,5.07701410670842,2.36343201117207,4.46912076870794,5.28165887495224,4.60282682472285,5.16610682087093,4.66547060377879,3.68899511980859,5.44859484889716,3.97263224889691,3.72601056708989,4.63083673860175,2.95728071166285,5.05192599540924,4.72124011635287,4.41422848305194,5.59169946151183,4.585030843618
46,TYR,7.11983583275295,6.20074651184839,5.55044608839224,5.64878684603516,6.00359896753397,5.78723145310758,4.32281721696304,5.15187297912688,6.84584009041707,5.68109042546009,6.33089507662569,5.23035503321745,5.43909094659368,5.80829538636726,5.90506251944674,5.97106177569269,5.98097524487234,6.108893265362,5.50826504039502,5.17758466552886,5.39253441808204,5.46841860947634,4.48593824456034,6.2014599953736,5.03510231627807,5.45088823565794,5.78205168023191,6.16854207489157,5.52770800765494,4.56454177731727,5.91843849022054,5.15781886519587,4.80589490224752,3.42719787552751,4.16074541507601,4.44085864449737,5.54982401425844,3.85049438502229,3.87450478178535,4.07191713802569,6.2053180313922,4.92352509512096,4.61818538572141,3.23662466383726,3.87277368518848,4.7618806634716,4.49040909259677,5.47847487290936,4.30571636924794,5.15580019616322,3.92132548683041,5.10306137061026,3.947925917778,3.51259839703979,3.6253766417925,4.3419731898838,5.45858330327158,4.17560601915,3.7746480701937,3.94638871921061,4.31144073242396,5.16407806857926,3.83602022764753,5.08159800086692,3.50653433458666,4.40268607631239,4.59091209175593,4.57507472056861,4.55307352752118,2.99299544243418,3.74883056728529
47,USP17L2,8.62041672327278,8.47090132755508,8.19287419127821,7.8115232335035,7.39903225624693,7.35852829263399,8.43949949970614,7.29552173552622,5.46911680037442,6.73180652579501,7.44881946152132,8.51974045519332,7.51347718279125,7.23366510472798,7.16642494797078,6.36329018392119,7.64627247755742,6.95088144933055,6.97735739185855,7.98864031411428,6.90181736047925,7.21939002997079,7.76524313347357,7.3590624909723,8.18139121607539,4.22138657320362,7.42324004978643,6.57058427943065,3.76538848882702,4.19545551292604,8.37712495517051,7.78773948823219,6.95598910088484,7.0236872381909,5.02893545076428,6.82777140622841,7.08719179922469,5.69985306359248,5.84950527074878,7.08316742548995,7.36130909740447,6.36676270791979,6.31059341450007,5.36555405956347,5.45153823662856,5.24383324534673,5.71955383942065,5.9604274547845,5.99906354834713,5.62232151554532,5.77485707449627,6.77207555339564,5.90787233782692,5.49590333818785,5.19086258993169,5.90428159882985,6.78783705901688,4.52437564791357,5.82601354372048,5.05617892057101,6.34068446313697,6.14200238247141,3.125155437243,6.62589394418682,6.7153805222671,6.30597851389343,7.22731173673704,6.10325335254183,5.01607668118525,2.59522514314289,6.92441214113822
48,WDR46,4.91932530542069,4.87740011554475,3.74883078639026,3.62875343430235,4.01543543061258,4.63711787426784,5.704326837462,3.5639477503967,5.06611548371926,4.54833261068099,4.28011562946287,5.06071753951309,5.5573389153737,3.71395118450883,5.56390306073549,3.65988635887271,5.32819494448017,4.79097824255108,4.75883110958152,3.40575620579291,3.85480919914747,4.90127412766507,4.44286202272059,3.26895707042731,4.39283866367367,4.98167730041327,5.05878726611987,4.60892365954392,3.93270820185684,5.68313006074574,4.94276431012916,4.78245976478791,3.37059380598383,5.67636433601985,6.43488849312587,6.34949357655963,4.4500365055885,7.5573835720742,6.9461373461618,5.24024168285594,5.22212537205526,5.06647986369636,5.0801348478818,5.36707501098427,4.82405354714203,4.93428205833671,5.47245700685341,4.62756842509614,6.34057039133946,5.41040280975009,6.48396033507643,5.20015842728377,4.88368456908973,5.92865891938622,5.22902025238906,5.61340495762294,4.52839367088445,5.18395502417909,5.28966485133122,5.93018371731031,5.94067456049204,5.02268177385353,5.73490265392485,7.13739823714116,5.30093003507678,5.81300884306682,7.53475154650925,6.04363743821241,5.21252262851156,4.80855579281172,5.48954530999708
